Name,Email,Company,Job Title,email_llm1,email_llm2,best_email
Jane Doe,jane.doe@example.com,Tech Solutions Inc.,Procurement Manager,"Subject: Re: Introducing procurement software to Improve procurement efficiency

Hi [Your Name],

Thank you for reaching out and introducing your procurement software. As the Procurement Manager at Tech Solutions Inc., I'm always interested in exploring tools that can enhance our purchasing processes and help us achieve cost savings.

Could you please provide more information about your procurement software? What are its key features and how does it work? Additionally, it would be helpful to know if your software integrates with our existing systems, such as our ERP or inventory management software.

I appreciate your interest in assisting us and would be open to scheduling a call next week. Please let me know some date and time options that work for you, and we can find a suitable time to connect.

Thank you again for reaching out, and I look forward to hearing from you.

Best regards,
Jane Doe","Subject: Enhancing procurement efficiency with our procurement software

Dear Jane Doe,

I hope this email finds you well. My name is [Your Name], and I am representing [Your Company]. As the Procurement Manager at Tech Solutions Inc., I wanted to reach out and introduce you to our powerful procurement software that can revolutionize your purchasing processes and significantly reduce costs.

Our procurement software offers a range of features designed to streamline your procurement operations:

1. Automated Procurement: Our software automates manual procurement tasks, such as purchase order creation, supplier communication, and invoice reconciliation. This allows your team to focus on strategic activities and eliminates time-consuming administrative tasks.

2. Supplier Management: Our software provides a centralized platform to manage your supplier relationships efficiently. You can track supplier performance, maintain up-to-date supplier information, and easily communicate with suppliers, all in one place.

3. Spend Analysis: Our software offers robust spend analysis capabilities, enabling you to gain deep insights into your purchasing patterns. By analyzing your","Subject: Enhancing procurement efficiency with our procurement software

Dear Jane Doe,

I hope this email finds you well. My name is [Your Name], and I am representing [Your Company]. As the Procurement Manager at Tech Solutions Inc., I wanted to reach out and introduce you to our powerful procurement software that can revolutionize your purchasing processes and significantly reduce costs.

Our procurement software offers a range of features designed to streamline your procurement operations:

1. Automated Procurement: Our software automates manual procurement tasks, such as purchase order creation, supplier communication, and invoice reconciliation. This allows your team to focus on strategic activities and eliminates time-consuming administrative tasks.

2. Supplier Management: Our software provides a centralized platform to manage your supplier relationships efficiently. You can track supplier performance, maintain up-to-date supplier information, and easily communicate with suppliers, all in one place.

3. Spend Analysis: Our software offers robust spend analysis capabilities, enabling you to gain deep insights into your purchasing patterns. By analyzing your"
John Smith,john.smith@example.com,Innovative Systems,Head of Operations,"Subject: Streamlining procurement with our software

Hi John Smith,

I hope this email finds you well. My name is [Your Name], and I am reaching out to you from [Your Company]. As the Head of Operations at Innovative Systems, your role in managing procurement is crucial to the success of your organization. That's why I wanted to introduce you to our procurement software, which has been designed to improve procurement efficiency and reduce costs.

[Personalized message based on the lead's company or job title]

Our software offers a comprehensive suite of features that can help you streamline your purchasing processes. It allows you to automate repetitive tasks, such as generating purchase orders and tracking deliveries, saving you valuable time and effort. Additionally, our software provides real-time visibility into supplier performance and pricing trends, enabling you to make more informed decisions and negotiate better deals.

I would love to discuss this further with you and see how our procurement software can specifically benefit Innovative Systems. Could we schedule a quick call next week?","Subject: Enhancing procurement efficiency with our advanced software solution

Dear John Smith,

I hope this email finds you thriving. My name is [Your Name], and I am thrilled to introduce you to [Your Company]'s state-of-the-art procurement software. As the Head of Operations at Innovative Systems, I am confident that our software can significantly streamline your purchasing processes and help you achieve cost savings.

At [Your Company], we understand the challenges faced by businesses like yours when it comes to efficiently managing procurement. Our software offers a comprehensive range of features designed specifically to address these challenges and improve procurement efficiency. Some key benefits include:

1. Automated workflows: Our software automates repetitive and manual tasks, such as creating purchase orders and sending invoices, saving your team valuable time and reducing errors.

2. Advanced analytics: Gain insights into your procurement processes through intuitive dashboards and reports, allowing you to make data-driven decisions and identify areas for improvement.

3. Supplier management: Easily categorize and manage your suppliers","Subject: Enhancing procurement efficiency with our advanced software solution

Dear John Smith,

I hope this email finds you thriving. My name is [Your Name], and I am thrilled to introduce you to [Your Company]'s state-of-the-art procurement software. As the Head of Operations at Innovative Systems, I am confident that our software can significantly streamline your purchasing processes and help you achieve cost savings.

At [Your Company], we understand the challenges faced by businesses like yours when it comes to efficiently managing procurement. Our software offers a comprehensive range of features designed specifically to address these challenges and improve procurement efficiency. Some key benefits include:

1. Automated workflows: Our software automates repetitive and manual tasks, such as creating purchase orders and sending invoices, saving your team valuable time and reducing errors.

2. Advanced analytics: Gain insights into your procurement processes through intuitive dashboards and reports, allowing you to make data-driven decisions and identify areas for improvement.

3. Supplier management: Easily categorize and manage your suppliers"
Alice Johnson,alice.johnson@example.com,Future Tech,CTO,"Subject: Improving procurement efficiency with our procurement software

Dear Alice Johnson,

I hope this email finds you well. I am your helpful assistant, and I wanted to bring your attention to how our procurement software can greatly benefit Future Tech's purchasing processes and reduce costs.

Our procurement software is designed to streamline the entire procurement cycle, from requisition to invoice reconciliation. It offers features such as automated purchase order generation, supplier management, and real-time tracking of requisitions and approvals. With our software, you can easily track your orders, identify bottlenecks, and optimize your procurement workflow for increased efficiency.

In addition, our advanced reporting and analytics tools enable you to gain valuable insights into your procurement spend, identify cost-saving opportunities, and negotiate better deals with your suppliers. Our software also integrates seamlessly with popular accounting systems, ensuring a smooth flow of information between departments.

I believe that implementing our procurement software at Future Tech can significantly improve your procurement processes by saving time, reducing manual errors, and providing you with","Subject: Enhancing procurement efficiency with our procurement software

Dear Alice Johnson,

I hope this email finds you well. My name is [Your Name], and I am reaching out to you from [Your Company]. As the CTO at Future Tech, I wanted to introduce you to our cutting-edge procurement software that can revolutionize your purchasing processes and drive cost savings.

At [Your Company], we have developed a powerful procurement software solution specifically designed to streamline procurement activities, optimize supplier management, and enhance overall efficiency. Our software offers a range of features that will benefit Future Tech, considering your commitment to embracing technology to facilitate growth.

I am confident that our procurement software will not only simplify your procurement operations but also help you achieve substantial cost reductions by implementing automated procurement workflows, ensuring compliance with your supplier base, and improving visibility into your purchasing data.

I would love the opportunity to discuss with you in more detail how our procurement software can best cater to Future Tech's unique needs. I have a few time slots","Subject: Improving procurement efficiency with our procurement software

Dear Alice Johnson,

I hope this email finds you well. I am your helpful assistant, and I wanted to bring your attention to how our procurement software can greatly benefit Future Tech's purchasing processes and reduce costs.

Our procurement software is designed to streamline the entire procurement cycle, from requisition to invoice reconciliation. It offers features such as automated purchase order generation, supplier management, and real-time tracking of requisitions and approvals. With our software, you can easily track your orders, identify bottlenecks, and optimize your procurement workflow for increased efficiency.

In addition, our advanced reporting and analytics tools enable you to gain valuable insights into your procurement spend, identify cost-saving opportunities, and negotiate better deals with your suppliers. Our software also integrates seamlessly with popular accounting systems, ensuring a smooth flow of information between departments.

I believe that implementing our procurement software at Future Tech can significantly improve your procurement processes by saving time, reducing manual errors, and providing you with"
Name,Email,Company,Job Title,email_llm1,email_llm2,best_email
Jane Doe,jane.doe@example.com,Tech Solutions Inc.,Procurement Manager,"Subject: Enhancing procurement efficiency with our software

Dear Jane Doe,

I hope this email finds you in good health. I am writing to introduce myself as a representative from [Your Company]. After carefully analyzing your role as the Procurement Manager at Tech Solutions Inc., I believe that our procurement software can greatly benefit your organization by optimizing your purchasing processes and mitigating costs.

Our software provides a comprehensive platform that streamlines procurement by automating repetitive tasks, centralizing procurement data, and enabling seamless collaboration between departments. With features such as vendor management, contract management, and real-time analytics, our software guarantees enhanced efficiency and improved decision-making.

I would be delighted to further discuss how our procurement software can cater to the specific needs of Tech Solutions Inc. and contribute to maximizing your procurement outcomes. If you're available, I would appreciate a brief call sometime next week to explore this opportunity further.

Thank you for considering our software as a potential solution. I look forward to hearing from you soon.

Best regards,
[Your Name]","Subject: Enhancing Your Procurement Process with our Software Solution

Dear Jane Doe,

I hope this email finds you in good health and high spirits. My name is [Your Name], and I am delighted to represent [Your Company]. As the Procurement Manager at Tech Solutions Inc., I wanted to introduce you to our cutting-edge procurement software, designed specifically to enhance purchasing processes and drive cost savings.

At [Your Company], we understand the challenges faced by procurement teams like yours. Our software streamlines the entire procurement process, from requisition to payment, helping you improve efficiency, reduce maverick spending, and optimize supplier relationships. With its user-friendly interface, customizable workflows, and powerful analytics, our software empowers you to make data-driven decisions and achieve your procurement goals more effectively.

Furthermore, our software seamlessly integrates with existing ERP systems, ensuring a smooth transition and eliminating disruption to your current operations. Our team of experts will provide comprehensive training and ongoing support to ensure a seamless implementation tailored to your unique requirements.

I would love to explore how our software can benefit Tech Solutions Inc. in more detail. If you have a few minutes to spare, I kindly request a quick call next week at your convenience. Alternatively, I can share additional information or arrange a demo to showcase the features and functionalities of our procurement software.

Thank you for considering our solution, Jane. I look forward to the opportunity to support Tech Solutions Inc. in streamlining your procurement processes and achieving your cost-saving objectives.

Best regards,

[Your Name]
[Your Company]
[Your Contact Information]","Subject: Enhancing Your Procurement Process with our Software Solution

Dear Jane Doe,

I hope this email finds you in good health and high spirits. My name is [Your Name], and I am delighted to represent [Your Company]. As the Procurement Manager at Tech Solutions Inc., I wanted to introduce you to our cutting-edge procurement software, designed specifically to enhance purchasing processes and drive cost savings.

At [Your Company], we understand the challenges faced by procurement teams like yours. Our software streamlines the entire procurement process, from requisition to payment, helping you improve efficiency, reduce maverick spending, and optimize supplier relationships. With its user-friendly interface, customizable workflows, and powerful analytics, our software empowers you to make data-driven decisions and achieve your procurement goals more effectively.

Furthermore, our software seamlessly integrates with existing ERP systems, ensuring a smooth transition and eliminating disruption to your current operations. Our team of experts will provide comprehensive training and ongoing support to ensure a seamless implementation tailored to your unique requirements.

I would love to explore how our software can benefit Tech Solutions Inc. in more detail. If you have a few minutes to spare, I kindly request a quick call next week at your convenience. Alternatively, I can share additional information or arrange a demo to showcase the features and functionalities of our procurement software.

Thank you for considering our solution, Jane. I look forward to the opportunity to support Tech Solutions Inc. in streamlining your procurement processes and achieving your cost-saving objectives.

Best regards,

[Your Name]
[Your Company]
[Your Contact Information]"
John Smith,john.smith@example.com,Innovative Systems,Head of Operations,"Subject: Introducing Procurement Software to Improve Procurement Efficiency

Dear John Smith,

I hope this email finds you well. My name is [Your Name], and I am part of the team at [Your Company] that specializes in optimizing procurement processes. I noticed that you are the Head of Operations at Innovative Systems, and I wanted to reach out to you to share how our procurement software can greatly improve your purchasing efficiency.

In today's competitive market, it is crucial to have a streamlined and cost-effective procurement process. Our software offers a range of features that can help your team achieve this goal:

1. Centralized Procurement Management: Our software allows you to consolidate all procurement activities in one platform, providing a unified view of your purchasing operations. This eliminates manual tracking and ensures better coordination across departments.

2. Automated Requisition and Approval Workflow: With our software, you can set up automated requisition and approval workflows, reducing the time-consuming task of manual coordination. This ensures that purchases are properly authorized while also speeding up the procurement process.

3. Supplier Management and Collaboration: Our software enables you to effectively manage your suppliers by providing a dedicated portal for communication, collaboration, and performance evaluation. It also allows you to track supplier performance metrics, ensuring that you are working with reliable partners.

4. Real-time Reporting and Analytics: Our solution provides real-time visibility into procurement data, giving you the ability to track spend, identify cost-saving opportunities, and make informed decisions. This empowers you to optimize your procurement strategy and negotiate better deals with suppliers.

I would love to further discuss how our procurement software can benefit Innovative Systems specifically. If you have some time next week, I would be delighted to arrange a quick call to explore this further.

I look forward to hearing from you.

Best regards,
[Your Name]","Subject: Helping Innovative Systems improve procurement efficiency with our software

Dear John Smith,

I hope this email finds you well. My name is [Your Name], and I am reaching out to you from [Your Company]. As the Head of Operations at Innovative Systems, I wanted to introduce you to our procurement software that can greatly enhance your purchasing processes and help reduce costs.

At [Your Company], we understand the importance of efficient procurement operations, and our software is designed to streamline the procurement lifecycle. Here are some key features:

1. Centralized Procurement: Our software centralizes all procurement activities, allowing you to have a comprehensive view of your procurement requests, orders, and invoices in one place. This eliminates manual paperwork and improves overall efficiency.

2. Supplier Management: Our software helps you manage your suppliers effectively. You can easily track supplier performance, evaluate their pricing, and make informed decisions based on historical data. This ensures that you always have the best suppliers for your organization's needs.

3. Automated Workflows: Our software automates procurement workflows, reducing the reliance on manual processes and minimizing the chance of errors. You can create approval workflows, set up automated purchase requisitions, and receive notifications for any outstanding tasks, ensuring a smooth and efficient procurement process.

I believe that implementing our procurement software can greatly benefit Innovative Systems by optimizing your purchasing strategies, increasing productivity, and ultimately saving costs. I would love to discuss this further with you and explore how we can assist your organization in achieving its procurement goals.

Would you be available for a quick call next week? Please let me know your preferred date and time. Alternatively, if you have any questions or require further information, feel free to reach out to me via email.

Thank you for your time, and I look forward to hearing from you soon.

Best regards,
[Your Name]","Subject: Helping Innovative Systems improve procurement efficiency with our software

Dear John Smith,

I hope this email finds you well. My name is [Your Name], and I am reaching out to you from [Your Company]. As the Head of Operations at Innovative Systems, I wanted to introduce you to our procurement software that can greatly enhance your purchasing processes and help reduce costs.

At [Your Company], we understand the importance of efficient procurement operations, and our software is designed to streamline the procurement lifecycle. Here are some key features:

1. Centralized Procurement: Our software centralizes all procurement activities, allowing you to have a comprehensive view of your procurement requests, orders, and invoices in one place. This eliminates manual paperwork and improves overall efficiency.

2. Supplier Management: Our software helps you manage your suppliers effectively. You can easily track supplier performance, evaluate their pricing, and make informed decisions based on historical data. This ensures that you always have the best suppliers for your organization's needs.

3. Automated Workflows: Our software automates procurement workflows, reducing the reliance on manual processes and minimizing the chance of errors. You can create approval workflows, set up automated purchase requisitions, and receive notifications for any outstanding tasks, ensuring a smooth and efficient procurement process.

I believe that implementing our procurement software can greatly benefit Innovative Systems by optimizing your purchasing strategies, increasing productivity, and ultimately saving costs. I would love to discuss this further with you and explore how we can assist your organization in achieving its procurement goals.

Would you be available for a quick call next week? Please let me know your preferred date and time. Alternatively, if you have any questions or require further information, feel free to reach out to me via email.

Thank you for your time, and I look forward to hearing from you soon.

Best regards,
[Your Name]"
Alice Johnson,alice.johnson@example.com,Future Tech,CTO,"Subject: Introducing Procurement Software to Improve Procurement Efficiency

Dear Alice Johnson,

I hope this email finds you well. My name is [Your Name], and I am reaching out to you from [Your Company]. As the CTO at Future Tech, I wanted to share how our procurement software can help you streamline your purchasing processes and reduce costs.

At [Your Company], we understand the challenges that organizations face when it comes to procurement. Our software solution is designed to simplify and automate the entire procurement process, from requisition to payment.

Here are some key features and benefits of our procurement software:

1. Centralized Procurement: Our software allows you to manage all procurement activities in one place, providing you with a complete and real-time overview of your procurement operations.
2. Automated Purchase Orders: With our software, generating purchase orders becomes effortless. You can create, approve, and send purchase orders digitally, eliminating manual paperwork and reducing errors.
3. Supplier Relationship Management: Our software enables you to manage your suppliers effectively. You can maintain a database of suppliers, track their performance, and evaluate their quotes, ensuring that you work with the best suppliers for your organization.
4. Cost Control: Our software provides comprehensive spend analytics, allowing you to identify cost-saving opportunities, negotiate better contracts, and track expenses more effectively.
5. Compliance and Governance: Our software ensures compliance with internal policies and external regulations, minimizing risks and enhancing governance.

I'd love to discuss this further with you and understand your specific procurement challenges and objectives. I believe our software can help Future Tech achieve significant improvements in procurement efficiency and cost reduction.

Please let me know if you are available for a quick call next week. I will follow up with you to find a convenient time. 

Thank you for considering our procurement software. I look forward to the opportunity to speak with you soon.

Best regards,
[Your Name]","Subject: Streamlining Procurement Processes with Our Software Solution

Dear Alice Johnson,

I hope this email finds you well. My name is [Your Name], and I am writing to introduce our procurement software that can significantly enhance efficiency and reduce costs for Future Tech. As the CTO, I thought you might be interested in exploring ways to optimize your company's procurement processes.

Our software offers a range of features designed to streamline the purchasing workflow. It enables you to automate manual tasks, such as purchase requisitions, approvals, requests for quotes, and purchase orders, which can free up valuable time for your team to focus on more strategic activities.

Additionally, our software provides robust reporting and analytics capabilities, allowing you to gain deeper insights into your procurement data. This powerful tool can help you identify areas for cost savings, negotiate better deals with suppliers, and improve overall decision-making.

I would love the opportunity to discuss this further with you. Are you available for a brief call next week, where I can provide more information about our software and how it can specifically benefit Future Tech? Please let me know a convenient time, and I will be happy to arrange the call.

Thank you for your attention, and I look forward to the possibility of working together.

Best regards,

[Your Name]
[Your Company]","Subject: Introducing Procurement Software to Improve Procurement Efficiency

Dear Alice Johnson,

I hope this email finds you well. My name is [Your Name], and I am reaching out to you from [Your Company]. As the CTO at Future Tech, I wanted to share how our procurement software can help you streamline your purchasing processes and reduce costs.

At [Your Company], we understand the challenges that organizations face when it comes to procurement. Our software solution is designed to simplify and automate the entire procurement process, from requisition to payment.

Here are some key features and benefits of our procurement software:

1. Centralized Procurement: Our software allows you to manage all procurement activities in one place, providing you with a complete and real-time overview of your procurement operations.
2. Automated Purchase Orders: With our software, generating purchase orders becomes effortless. You can create, approve, and send purchase orders digitally, eliminating manual paperwork and reducing errors.
3. Supplier Relationship Management: Our software enables you to manage your suppliers effectively. You can maintain a database of suppliers, track their performance, and evaluate their quotes, ensuring that you work with the best suppliers for your organization.
4. Cost Control: Our software provides comprehensive spend analytics, allowing you to identify cost-saving opportunities, negotiate better contracts, and track expenses more effectively.
5. Compliance and Governance: Our software ensures compliance with internal policies and external regulations, minimizing risks and enhancing governance.

I'd love to discuss this further with you and understand your specific procurement challenges and objectives. I believe our software can help Future Tech achieve significant improvements in procurement efficiency and cost reduction.

Please let me know if you are available for a quick call next week. I will follow up with you to find a convenient time. 

Thank you for considering our procurement software. I look forward to the opportunity to speak with you soon.

Best regards,
[Your Name]"
Bob Brown,bob.brown@example.com,Global Enterprises,CEO,"Subject: Introducing procurement software to Improve procurement efficiency

Dear Bob Brown,

I hope this email finds you well. My name is [Your Name], and I am reaching out to you from [Your Company]. I noticed that you are the CEO at Global Enterprises, and I wanted to share how our procurement software can help you with streamlining your purchasing processes and reducing costs.

We understand that as the CEO of a global company, managing procurement efficiently is crucial for your business success. Our procurement software is specifically designed to automate and optimize procurement processes, leading to increased efficiency and cost savings.

Some key benefits of our procurement software include:

1. Centralized Procurement: Our software allows you to consolidate all purchasing activities into a single platform, enabling better visibility and control over your company's procurement.

2. Automated Workflows: Our software streamlines the entire procurement process, from requisitions to purchase order generation, invoice matching, and vendor management. This eliminates manual errors and reduces the time and effort required for procurement tasks.

3. Supplier Relationship Management: Our software includes features that enable you to manage supplier contracts, track performance, and negotiate better terms, ensuring a strong and transparent relationship with your suppliers.

4. Spend Analysis: With our software, you'll have access to detailed spend analysis, helping you identify areas of excessive spending, optimize costs, and drive better purchasing decisions.

I'd love to discuss this further and see how our procurement software can assist you in achieving your procurement goals. Please let me know if you're available for a quick call next week. I'll be happy to provide you with a demonstration of our software and answer any questions you may have.

Thank you for considering our procurement software. I look forward to speaking with you and exploring ways to improve your procurement efficiency.

Best regards,

[Your Name]
[Your Company]
[Your Contact Information]","Subject: Enhancing Your Procurement Efficiency with Innovative Software

Dear Bob Brown,

I hope this email finds you in good health. I am reaching out to you as a representative of [Your Company]. I am aware that you hold the esteemed position of CEO at Global Enterprises and I wanted to introduce you to our cutting-edge procurement software, designed specifically to boost efficiency and cost savings in your organization.

At [Your Company], we understand the challenges faced by enterprises in optimizing their procurement processes. Our software offers comprehensive features that streamline purchasing workflows, automate repetitive tasks, and provide real-time insights for better decision-making. Implementing our procurement software can help your company:

1. Reduce Costs: Our software utilizes advanced algorithms to analyze supplier pricing and negotiate better deals. It also tracks spend patterns, allowing you to identify cost-saving opportunities and manage budgets efficiently.

2. Increase Efficiency: By automating manual tasks such as purchase order generation, invoice management, and supplier onboarding, our software minimizes administrative burdens, freeing up your team to focus on core strategic activities.

3. Enhance Supplier Collaboration: Our software facilitates seamless communication and collaboration with suppliers, enabling you to build stronger relationships, negotiate more favorable terms, and ensure timely delivery of goods and services.

I would be delighted to discuss how our procurement software can specifically benefit Global Enterprises. Would you be available for a brief call next week? Please let me know a convenient time for you, and I will be happy to arrange it accordingly.

Thank you for your time, and I look forward to the opportunity to demonstrate how our software can revolutionize your procurement processes.

Best regards,

[Your Name]
[Your Title]
[Your Company]
[Phone number]
[Email address]","Subject: Introducing procurement software to Improve procurement efficiency

Dear Bob Brown,

I hope this email finds you well. My name is [Your Name], and I am reaching out to you from [Your Company]. I noticed that you are the CEO at Global Enterprises, and I wanted to share how our procurement software can help you with streamlining your purchasing processes and reducing costs.

We understand that as the CEO of a global company, managing procurement efficiently is crucial for your business success. Our procurement software is specifically designed to automate and optimize procurement processes, leading to increased efficiency and cost savings.

Some key benefits of our procurement software include:

1. Centralized Procurement: Our software allows you to consolidate all purchasing activities into a single platform, enabling better visibility and control over your company's procurement.

2. Automated Workflows: Our software streamlines the entire procurement process, from requisitions to purchase order generation, invoice matching, and vendor management. This eliminates manual errors and reduces the time and effort required for procurement tasks.

3. Supplier Relationship Management: Our software includes features that enable you to manage supplier contracts, track performance, and negotiate better terms, ensuring a strong and transparent relationship with your suppliers.

4. Spend Analysis: With our software, you'll have access to detailed spend analysis, helping you identify areas of excessive spending, optimize costs, and drive better purchasing decisions.

I'd love to discuss this further and see how our procurement software can assist you in achieving your procurement goals. Please let me know if you're available for a quick call next week. I'll be happy to provide you with a demonstration of our software and answer any questions you may have.

Thank you for considering our procurement software. I look forward to speaking with you and exploring ways to improve your procurement efficiency.

Best regards,

[Your Name]
[Your Company]
[Your Contact Information]"
